Conv1,Conv2,Dense,Loss,Accuracy,Model Params,tflite Size,Loss_1,Loss_2,Loss_3,Loss_4,Loss_5,Accuracy_1,Accuracy_2,Accuracy_3,Accuracy_4,Accuracy_5
8.0,12.0,48.0,0.4483576536178589,0.7450424790382385,1533.0,9.36,0.4483576536178589,0.4646086394786834,0.4543172717094421,0.4429294466972351,0.4406176805496216,0.7450424790382385,0.7294617295265198,0.7620396614074707,0.7351274490356445,0.7478753328323364
8,12,48,0.5267942190170288,0.7257790327072143,1533.0,9.392,0.5267942190170288,0.5514917969703674,0.5249786376953125,0.5378497242927551,0.5117147564888,0.7257790327072143,0.7266288995742798,0.7252124547958374,0.7266288995742798,0.7252124547958374
8,12,48,0.4522220492362976,0.7688385248184204,1737.0,10.208,0.4522220492362976,0.4840299189090729,0.4700559377670288,0.4621919095516205,0.4345182776451111,0.7688385248184204,0.7379603385925293,0.7549574971199036,0.756373941898346,0.7875354290008545
8,12,48,0.5318346977233886,0.7252124547958374,2145.0,11.856,0.5318346977233886,0.5618937015533447,0.5473139882087708,0.5269551873207092,0.5203725099563599,0.7252124547958374,0.7252124547958374,0.7252124547958374,0.7252124547958374,0.7252124547958374
8,12,48,0.4833690285682678,0.7504249215126038,2553.0,13.488,0.4833690285682678,0.517866849899292,0.480718195438385,0.4835563898086548,0.4809296727180481,0.7504249215126038,0.7252124547958374,0.7379603385925293,0.7365438938140869,0.7351274490356445
8,12,48,0.45519198179244996,0.7804532647132874,3369.0,16.752,0.45519198179244996,0.46831125020980835,0.45845580101013184,0.4551442563533783,0.43313002586364746,0.7804532647132874,0.7677053809165955,0.7861189842224121,0.7804532647132874,0.7974504232406616
8,12,48,0.5007880210876465,0.7254957437515259,4185.0,20.016,0.5007880210876465,0.5441514849662781,0.4954853355884552,0.49517977237701416,0.484183669090271,0.7254957437515259,0.7252124547958374,0.7266288995742798,0.7266288995742798,0.723796010017395
8,12,48,0.5033481001853943,0.7303116083145141,5001.0,23.28,0.5033481001853943,0.5157106518745422,0.535489022731781,0.49690330028533936,0.4851239025592804,0.7303116083145141,0.7252124547958374,0.7252124547958374,0.7337110638618469,0.7351274490356445
8,12,48,0.5005820155143738,0.7266288995742798,5817.0,26.548,0.5005820155143738,0.5210933685302734,0.5008942484855652,0.4942477345466614,0.495047003030777,0.7266288995742798,0.7252124547958374,0.7266288995742798,0.7280453443527222,0.7266288995742798
8,12,48,0.5085496783256531,0.7280453205108642,7449.0,33.076,0.5085496783256531,0.5318974256515503,0.5365790128707886,0.507519543170929,0.4881896674633026,0.7280453205108642,0.7266288995742798,0.7294617295265198,0.7266288995742798,0.7294617295265198
8,12,48,0.4996847748756409,0.7297450304031372,9081.0,39.604,0.4996847748756409,0.5277931690216064,0.5072582364082336,0.49519243836402893,0.4876572787761688,0.7297450304031372,0.7266288995742798,0.7294617295265198,0.7308781743049622,0.7294617295265198
8,12,48,0.4777213275432587,0.7592068076133728,2017.0,11.348,0.4777213275432587,0.4906514286994934,0.5082924962043762,0.472836971282959,0.47795823216438293,0.7592068076133728,0.7337110638618469,0.7266288995742798,0.7946175932884216,0.743626058101654
8,12,48,0.43867620825767517,0.7739376783370971,2285.0,12.42,0.43867620825767517,0.4649653732776642,0.44545137882232666,0.4400472342967987,0.42611241340637207,0.7739376783370971,0.7379603385925293,0.7634561061859131,0.7662889361381531,0.7875354290008545
8,12,48,0.4531596779823303,0.7671388149261474,2821.0,14.564,0.4531596779823303,0.4842206537723541,0.4581127166748047,0.4695809781551361,0.43464815616607666,0.7671388149261474,0.7322946190834045,0.7606232166290283,0.743626058101654,0.798866868019104
8,12,48,0.523732852935791,0.7246458888053894,3357.0,16.708,0.523732852935791,0.5633282661437988,0.5114675760269165,0.5099274516105652,0.5160297155380249,0.7246458888053894,0.7252124547958374,0.7252124547958374,0.7252124547958374,0.7266288995742798
8,12,48,0.5136829555034638,0.7240793108940125,4429.0,20.996,0.5136829555034638,0.535243034362793,0.515415370464325,0.5254233479499817,0.49722546339035034,0.7240793108940125,0.7252124547958374,0.723796010017395,0.7195467352867126,0.7266288995742798
8,12,48,0.5080742955207824,0.7308781743049622,5501.0,25.284,0.5080742955207824,0.5641258955001831,0.5041433572769165,0.5042847990989685,0.5010837912559509,0.7308781743049622,0.7252124547958374,0.7252124547958374,0.7266288995742798,0.7351274490356445
8,12,48,0.5127862632274628,0.7277620434761047,6573.0,29.572,0.5127862632274628,0.5593152642250061,0.5158222317695618,0.5088663697242737,0.49337929487228394,0.7277620434761047,0.7266288995742798,0.7266288995742798,0.7280453443527222,0.7280453443527222
8,12,48,0.48422356247901915,0.7294617414474487,7645.0,33.86,0.48422356247901915,0.49523043632507324,0.4802418053150177,0.47469034790992737,0.4857540726661682,0.7294617414474487,0.7294617295265198,0.7308781743049622,0.7294617295265198,0.7280453443527222
8,12,48,0.47007768750190737,0.7359773278236389,9789.0,42.436,0.47007768750190737,0.4936590790748596,0.47252407670021057,0.474526584148407,0.45984336733818054,0.7359773278236389,0.7308781743049622,0.7294617295265198,0.7337110638618469,0.7322946190834045
8,12,48,0.5102551460266114,0.7269121766090393,11933.0,51.012,0.5102551460266114,0.5497100949287415,0.5052982568740845,0.5194651484489441,0.4924057126045227,0.7269121766090393,0.7252124547958374,0.723796010017395,0.7266288995742798,0.7266288995742798
8,12,48,0.4044111371040344,0.8093484401702881,4329.0,20.596,0.4044111371040344,0.44833165407180786,0.4039871096611023,0.4128885269165039,0.3885292410850525,0.8093484401702881,0.7974504232406616,0.8087818622589111,0.8073654174804688,0.8158640265464783
8,12,48,0.49091439247131347,0.7252124547958374,4725.0,22.18,0.49091439247131347,0.5797545909881592,0.51107257604599,0.4821666181087494,0.45151829719543457,0.7252124547958374,0.7252124547958374,0.7252124547958374,0.7252124547958374,0.7252124547958374
8,12,48,0.4960623860359192,0.7288951754570008,5517.0,25.348,0.4960623860359192,0.5240932106971741,0.48982736468315125,0.4915043115615845,0.4754706025123596,0.7288951754570008,0.7252124547958374,0.7266288995742798,0.7308781743049622,0.7294617295265198
8,12,48,0.4304274320602417,0.7875354051589966,6309.0,28.516,0.4304274320602417,0.4869699776172638,0.41368430852890015,0.43744558095932007,0.4108006954193115,0.7875354051589966,0.7521246671676636,0.7974504232406616,0.7776203751564026,0.7974504232406616
8,12,48,0.47173725962638857,0.745892345905304,7893.0,34.852,0.47173725962638857,0.49964579939842224,0.4907647669315338,0.4722517430782318,0.4700535237789154,0.745892345905304,0.7252124547958374,0.7351274490356445,0.7337110638618469,0.7492917776107788
8,12,48,0.4723865330219269,0.7359773397445679,9477.0,41.188,0.4723865330219269,0.4974518120288849,0.4906202554702759,0.47183141112327576,0.46693411469459534,0.7359773397445679,0.7294617295265198,0.7266288995742798,0.7322946190834045,0.7407932281494141
8,12,48,0.47513570785522463,0.755807363986969,11061.0,47.524,0.47513570785522463,0.5486500263214111,0.47944775223731995,0.4727020561695099,0.4394439160823822,0.755807363986969,0.7252124547958374,0.7308781743049622,0.7294617295265198,0.8002833127975464
8,12,48,0.5040552318096161,0.7314447522163391,12645.0,53.86,0.5040552318096161,0.5797280669212341,0.4973560869693756,0.4828445315361023,0.4852977991104126,0.7314447522163391,0.7252124547958374,0.7252124547958374,0.7266288995742798,0.7266288995742798
8,12,48,0.45513596534729006,0.7665722370147705,15813.0,66.532,0.45513596534729006,0.5046755075454712,0.47539880871772766,0.44196662306785583,0.4411032497882843,0.7665722370147705,0.7266288995742798,0.7450425028800964,0.7776203751564026,0.7691218256950378
8,12,48,0.4708875179290771,0.7322945952415466,18981.0,79.204,0.4708875179290771,0.498584121465683,0.483013778924942,0.4691358208656311,0.45674648880958557,0.7322945952415466,0.7294617295265198,0.7294617295265198,0.7294617295265198,0.7351274490356445
8,12,48,0.4724534273147583,0.7393767714500428,6269.0,28.356,0.4724534273147583,0.5015990138053894,0.4886438846588135,0.47055646777153015,0.4686000347137451,0.7393767714500428,0.7252124547958374,0.7252124547958374,0.7252124547958374,0.7634561061859131
8,12,48,0.4168259859085083,0.7980169892311096,7317.0,32.548,0.4168259859085083,0.5045903921127319,0.42978963255882263,0.4110852777957916,0.38089075684547424,0.7980169892311096,0.7252124547958374,0.8073654174804688,0.8045325875282288,0.8257790207862854
8,12,48,0.37565491795539857,0.8206798911094666,8365.0,36.74,0.37565491795539857,0.41749659180641174,0.4009855389595032,0.36596545577049255,0.36408063769340515,0.8206798911094666,0.8172804713249207,0.7917847037315369,0.8342776298522949,0.8271954655647278
8,12,48,0.3485713839530945,0.8439093351364135,10461.0,45.124,0.3485713839530945,0.4009310305118561,0.3634149432182312,0.35738494992256165,0.31897372007369995,0.8439093351364135,0.821529746055603,0.8186968564987183,0.8371104598045349,0.8682719469070435
8,12,48,0.4836820960044861,0.7288951754570008,12557.0,53.508,0.4836820960044861,0.5179194211959839,0.49085038900375366,0.47174856066703796,0.46917062997817993,0.7288951754570008,0.723796010017395,0.7223796248435974,0.7308781743049622,0.7365438938140869
8,12,48,0.5108872950077057,0.7257790327072143,14653.0,61.892,0.5108872950077057,0.542475163936615,0.5521189570426941,0.4951920509338379,0.4897802770137787,0.7257790327072143,0.7252124547958374,0.7252124547958374,0.7252124547958374,0.7266288995742798
8,12,48,0.4800831377506256,0.7405099034309387,16749.0,70.276,0.4800831377506256,0.4940171241760254,0.5193125009536743,0.48154398798942566,0.45504483580589294,0.7405099034309387,0.7252124547958374,0.7252124547958374,0.7365438938140869,0.7422096133232117
8,12,48,0.44374899864196776,0.7776204109191894,20941.0,87.044,0.44374899864196776,0.49394071102142334,0.4666711688041687,0.42754557728767395,0.40445664525032043,0.7776204109191894,0.7266288995742798,0.756373941898346,0.7875354290008545,0.8229461908340454
8,12,48,0.486684113740921,0.7277620315551758,25133.0,103.812,0.486684113740921,0.5250518918037415,0.4870557188987732,0.4828915297985077,0.47784560918807983,0.7277620315551758,0.7252124547958374,0.723796010017395,0.7294617295265198,0.7280453443527222
8,12,48,0.26781578063964845,0.8886685490608215,10917.0,46.948,0.26781578063964845,0.3381396532058716,0.28775909543037415,0.26223379373550415,0.2280847281217575,0.8886685490608215,0.844192624092102,0.8725212216377258,0.8852691054344177,0.919263482093811
8,12,48,0.41649765372276304,0.7985835671424866,12477.0,53.188,0.41649765372276304,0.4855567514896393,0.44221583008766174,0.3945430517196655,0.3871605694293976,0.7985835671424866,0.7252124547958374,0.8031161427497864,0.798866868019104,0.8342776298522949
8,12,48,0.3652192115783691,0.8280453205108642,15597.0,65.668,0.3652192115783691,0.40164607763290405,0.3492707908153534,0.371682733297348,0.37187644839286804,0.8280453205108642,0.7875354290008545,0.8371104598045349,0.8314447402954102,0.8413597941398621
8,12,48,0.4658199429512024,0.7450424790382385,18717.0,78.148,0.4658199429512024,0.4862315058708191,0.46417245268821716,0.4683718681335449,0.4570550322532654,0.7450424790382385,0.723796010017395,0.7351274490356445,0.7308781743049622,0.7719546556472778
8,12,48,0.30250495076179507,0.8677053689956665,21837.0,90.628,0.30250495076179507,0.3949766159057617,0.30427777767181396,0.2793560326099396,0.270169734954834,0.8677053689956665,0.8130311369895935,0.8640226721763611,0.8852691054344177,0.8781869411468506
8,12,48,0.4469765365123749,0.756373929977417,24957.0,103.108,0.4469765365123749,0.468616783618927,0.4710109233856201,0.43925774097442627,0.4235892593860626,0.756373929977417,0.7294617295265198,0.7280453443527222,0.7422096133232117,0.7903682589530945
8,12,48,0.36750122904777527,0.824362599849701,31197.0,128.068,0.36750122904777527,0.4570530354976654,0.38610655069351196,0.3411087691783905,0.3202686905860901,0.824362599849701,0.7464589476585388,0.8101983070373535,0.8314447402954102,0.8725212216377258
8,12,48,0.46811721920967103,0.743626058101654,37437.0,153.028,0.46811721920967103,0.49091488122940063,0.4809360206127167,0.4745509624481201,0.44766169786453247,0.743626058101654,0.7266288995742798,0.7308781743049622,0.7308781743049622,0.776203989982605
8,12,48,0.3845368981361389,0.8082152843475342,16589.0,69.672,0.3845368981361389,0.4876424968242645,0.450361043214798,0.3441542685031891,0.3485606610774994,0.8082152843475342,0.7308781743049622,0.7535410523414612,0.8498583436012268,0.8314447402954102
8,12,48,0.2838332951068878,0.8694051027297973,20733.0,86.248,0.2838332951068878,0.3381781280040741,0.2957041263580322,0.28888723254203796,0.24905923008918762,0.8694051027297973,0.8243626356124878,0.8682719469070435,0.876770555973053,0.8866855502128601
8,12,48,0.3807647168636322,0.8065155863761901,24877.0,102.824,0.3807647168636322,0.500200629234314,0.3922233283519745,0.34068185091018677,0.353167861700058,0.8065155863761901,0.723796010017395,0.8002833127975464,0.8356940746307373,0.8243626356124878
8,12,48,0.48114503026008604,0.7277620434761047,29021.0,119.4,0.48114503026008604,0.4894755482673645,0.4874148368835449,0.4763617515563965,0.4869765043258667,0.7277620434761047,0.7280453443527222,0.7252124547958374,0.7252124547958374,0.7266288995742798
8,12,48,0.29876376390457154,0.8696883916854858,33165.0,135.976,0.29876376390457154,0.4150691032409668,0.29912909865379333,0.2690308392047882,0.2555070221424103,0.8696883916854858,0.7832860946655273,0.8711048364639282,0.8923512697219849,0.9008498787879944
8,12,48,0.33811344504356383,0.8388101935386658,41453.0,169.128,0.33811344504356383,0.39622610807418823,0.36877837777137756,0.33344554901123047,0.3134526014328003,0.8388101935386658,0.8172804713249207,0.8186968564987183,0.8456090688705444,0.844192624092102
8,12,48,0.36673557162284853,0.8269121766090393,49741.0,202.28,0.36673557162284853,0.47533056139945984,0.410957008600235,0.3419116735458374,0.31876063346862793,0.8269121766090393,0.7351274490356445,0.8087818622589111,0.8427761793136597,0.8654391169548035
8,12,48,0.3642456829547882,0.8147308826446533,25869.0,106.792,0.3642456829547882,0.45437920093536377,0.38054749369621277,0.3408317565917969,0.3275602161884308,0.8147308826446533,0.7379603385925293,0.8002833127975464,0.8342776298522949,0.8456090688705444
8,12,48,0.354373162984848,0.8314447641372681,31037.0,127.464,0.354373162984848,0.434713214635849,0.365373432636261,0.34008100628852844,0.30872660875320435,0.8314447641372681,0.7832860946655273,0.8101983070373535,0.8356940746307373,0.8626062273979187
8,12,48,0.332197904586792,0.844759202003479,36205.0,148.136,0.332197904586792,0.46998199820518494,0.3232367932796478,0.29172277450561523,0.3005695641040802,0.844759202003479,0.7322946190834045,0.8484418988227844,0.8781869411468506,0.8810198307037354
8,12,48,0.3250411033630371,0.8640226602554322,41373.0,168.808,0.3250411033630371,0.3424167037010193,0.38175350427627563,0.3205114006996155,0.29242411255836487,0.8640226602554322,0.8555240631103516,0.8087818622589111,0.8682719469070435,0.8951841592788696
8,12,48,0.18714075684547424,0.9470254898071289,51709.0,210.152,0.18714075684547424,0.24037711322307587,0.17790570855140686,0.17725975811481476,0.1737416684627533,0.9470254898071289,0.9121813178062439,0.9504249095916748,0.9589235186576843,0.9617563486099243
8,12,48,0.2728594124317169,0.9002832889556884,62045.0,251.496,0.2728594124317169,0.3271501362323761,0.26928022503852844,0.2626866102218628,0.2491576373577118,0.9002832889556884,0.856940507888794,0.8895184397697449,0.9079319834709167,0.919263482093811
8,12,48,0.27374547719955444,0.8798866868019104,31005.0,127.336,0.27374547719955444,0.31831929087638855,0.34637242555618286,0.2519115209579468,0.2224504053592682,0.8798866868019104,0.8470255136489868,0.8583569526672363,0.8909348249435425,0.902266263961792
8,12,48,0.21238935589790345,0.9198300242424011,37197.0,152.104,0.21238935589790345,0.2769971489906311,0.22200050950050354,0.22849911451339722,0.1621198207139969,0.9198300242424011,0.8909348249435425,0.9050991535186768,0.9135977625846863,0.94475919008255
8,12,48,0.30233370661735537,0.876770555973053,43389.0,176.872,0.30233370661735537,0.3766497075557709,0.32228824496269226,0.29754218459129333,0.2565370202064514,0.876770555973053,0.8243626356124878,0.8739376664161682,0.8711048364639282,0.9008498787879944
8,12,48,0.299495667219162,0.8855524063110352,49581.0,201.64,0.299495667219162,0.33862411975860596,0.332783043384552,0.29447200894355774,0.28617122769355774,0.8855524063110352,0.8526912331581116,0.8711048364639282,0.8781869411468506,0.9050991535186768
8,12,48,0.23883219063282013,0.9067988634109497,61965.0,251.176,0.23883219063282013,0.3861141800880432,0.23125457763671875,0.2177928239107132,0.17832520604133606,0.9067988634109497,0.8399433493614197,0.9065155982971191,0.9164305925369263,0.9320113062858582
8,12,48,0.4457345247268677,0.766288959980011,74349.0,300.712,0.4457345247268677,0.4928818345069885,0.47177401185035706,0.4574650526046753,0.4364066421985626,0.766288959980011,0.720963180065155,0.7407932281494141,0.7478753328323364,0.7917847037315369
8,12,48,0.48419318795204164,0.7252124547958374,3713.0,18.228,0.48419318795204164,0.5833261013031006,0.4702757000923157,0.4721464514732361,0.43295353651046753,0.7252124547958374,0.7252124547958374,0.7252124547958374,0.7252124547958374,0.7252124547958374
8,12,48,0.5774070978164673,0.7252124547958374,4493.0,21.348,0.5774070978164673,0.5879685878753662,0.5879631042480469,0.5849974155426025,0.5815171003341675,0.7252124547958374,0.7252124547958374,0.7252124547958374,0.7252124547958374,0.7252124547958374
8,12,48,0.408560711145401,0.8118980169296265,6053.0,27.588,0.408560711145401,0.46634551882743835,0.46433427929878235,0.3912113606929779,0.34992069005966187,0.8118980169296265,0.7677053809165955,0.7960339784622192,0.8087818622589111,0.8328611850738525
8,12,48,0.45696393847465516,0.7538243651390075,7613.0,33.828,0.45696393847465516,0.5020055770874023,0.4576209485530853,0.4360969662666321,0.4467802047729492,0.7538243651390075,0.7308781743049622,0.7507082223892212,0.7677053809165955,0.7577903866767883
8,12,48,0.4354844570159912,0.7736544013023376,10733.0,46.308,0.4354844570159912,0.45366960763931274,0.44501346349716187,0.4519801139831543,0.41267508268356323,0.7736544013023376,0.7577903866767883,0.7634561061859131,0.7705382704734802,0.7832860946655273
8,12,48,0.47273576259613037,0.7484419226646424,13853.0,58.788,0.47273576259613037,0.493846595287323,0.4793747067451477,0.4670726954936981,0.4626198709011078,0.7484419226646424,0.7308781743049622,0.7379603385925293,0.7379603385925293,0.7549574971199036
8,12,48,0.47894943356513975,0.7600566625595093,16973.0,71.268,0.47894943356513975,0.528972327709198,0.4928896725177765,0.4694705307483673,0.4503687918186188,0.7600566625595093,0.7266288995742798,0.7492917776107788,0.7549574971199036,0.7818697094917297
8,12,48,0.39783728718757627,0.7954674243927002,20093.0,83.748,0.39783728718757627,0.4804314076900482,0.3870028853416443,0.3922409117221832,0.36240309476852417,0.7954674243927002,0.7308781743049622,0.8158640265464783,0.798866868019104,0.8201133012771606
8,12,48,0.4234064221382141,0.7830028176307678,26333.0,108.708,0.4234064221382141,0.4959522783756256,0.4545149803161621,0.4109156131744385,0.3767494857311249,0.7830028176307678,0.7294617295265198,0.7620396614074707,0.801699697971344,0.8201133012771606
8,12,48,0.4587248146533966,0.7492917895317077,32573.0,133.668,0.4587248146533966,0.5027787685394287,0.4804447591304779,0.45593079924583435,0.45010673999786377,0.7492917895317077,0.7266288995742798,0.7322946190834045,0.7337110638618469,0.7620396614074707
8,12,48,0.39842653274536133,0.7866855502128601,4917.0,22.984,0.39842653274536133,0.4291190207004547,0.40478575229644775,0.39319634437561035,0.3856366276741028,0.7866855502128601,0.7252124547958374,0.7946175932884216,0.7903682589530945,0.8158640265464783
8,12,48,0.48819924592971803,0.7252124547958374,5953.0,27.128,0.48819924592971803,0.5015245676040649,0.4947112202644348,0.4806358516216278,0.4648593068122864,0.7252124547958374,0.7252124547958374,0.7252124547958374,0.7252124547958374,0.7252124547958374
8,12,48,0.423471063375473,0.7827195405960083,8025.0,35.416,0.423471063375473,0.5304096341133118,0.4453585743904114,0.39253389835357666,0.3895025849342346,0.7827195405960083,0.7252124547958374,0.7677053809165955,0.801699697971344,0.7974504232406616
8,12,48,0.46140875220298766,0.7577903747558594,10097.0,43.704,0.46140875220298766,0.5452637672424316,0.46047675609588623,0.4510556757450104,0.42631712555885315,0.7577903747558594,0.7252124547958374,0.7521246671676636,0.7280453443527222,0.7648725509643555
8,12,48,0.43195728659629823,0.8039659976959228,14241.0,60.28,0.43195728659629823,0.44097161293029785,0.41446933150291443,0.43304094672203064,0.4171486794948578,0.8039659976959228,0.7691218256950378,0.8073654174804688,0.8257790207862854,0.798866868019104
8,12,48,0.3400799572467804,0.8543909430503845,18385.0,76.856,0.3400799572467804,0.3799794316291809,0.34220632910728455,0.346099317073822,0.330888956785202,0.8543909430503845,0.8158640265464783,0.8526912331581116,0.8654391169548035,0.8526912331581116
8,12,48,0.3181921482086182,0.8566572070121765,22529.0,93.432,0.3181921482086182,0.39021310210227966,0.36386677622795105,0.32991644740104675,0.2728898823261261,0.8566572070121765,0.801699697971344,0.8328611850738525,0.8484418988227844,0.8966005444526672
8,12,48,0.3022575378417969,0.8784702539443969,26673.0,110.008,0.3022575378417969,0.3724251687526703,0.3343924582004547,0.28040891885757446,0.26325464248657227,0.8784702539443969,0.8484418988227844,0.8611897826194763,0.8838527202606201,0.9008498787879944
8,12,48,0.41235984563827516,0.7909348368644714,34961.0,143.16,0.41235984563827516,0.44313758611679077,0.41956278681755066,0.4282130300998688,0.39353734254837036,0.7909348368644714,0.7776203751564026,0.7847025394439697,0.7832860946655273,0.7974504232406616
8,12,48,0.41611026525497435,0.7866855502128601,43249.0,176.312,0.41611026525497435,0.5205531716346741,0.467386394739151,0.3775917589664459,0.36222103238105774,0.7866855502128601,0.7280453443527222,0.7308781743049622,0.8201133012771606,0.8286119103431702
8,12,48,0.41381805539131167,0.7861189842224121,9341.0,40.68,0.41381805539131167,0.4827340245246887,0.41736337542533875,0.44706639647483826,0.3582178056240082,0.7861189842224121,0.7365438938140869,0.8031161427497864,0.7252124547958374,0.8356940746307373
8,12,48,0.38036508560180665,0.8070821523666382,10889.0,46.872,0.38036508560180665,0.4613930284976959,0.42849263548851013,0.37756454944610596,0.31550970673561096,0.8070821523666382,0.7252124547958374,0.7252124547958374,0.8413597941398621,0.8781869411468506
8,12,48,0.39776551723480225,0.7807365417480469,13985.0,59.256,0.39776551723480225,0.49680209159851074,0.45776116847991943,0.41897016763687134,0.3142619729042053,0.7807365417480469,0.7252124547958374,0.7252124547958374,0.7252124547958374,0.856940507888794
8,12,48,0.4285610198974609,0.7705382347106934,17081.0,71.64,0.4285610198974609,0.4393482506275177,0.45641881227493286,0.41145241260528564,0.4419722855091095,0.7705382347106934,0.7252124547958374,0.7252124547958374,0.801699697971344,0.7875354290008545
8,12,48,0.3423416018486023,0.8413597702980041,23273.0,96.408,0.3423416018486023,0.3606116771697998,0.37710946798324585,0.343610554933548,0.32262375950813293,0.8413597702980041,0.8286119103431702,0.8314447402954102,0.8342776298522949,0.8512747883796692
8,12,48,0.2483900010585785,0.8946175694465637,29465.0,121.176,0.2483900010585785,0.3144501745700836,0.2871510684490204,0.22602307796478271,0.20341803133487701,0.8946175694465637,0.8583569526672363,0.8739376664161682,0.9065155982971191,0.9150141477584839
8,12,48,0.24965560734272002,0.8985835671424866,35657.0,145.944,0.24965560734272002,0.3156812787055969,0.25633755326271057,0.23301342129707336,0.21993279457092285,0.8985835671424866,0.879603385925293,0.8852691054344177,0.9107648730278015,0.9121813178062439
8,12,48,0.44270689487457277,0.7677053928375244,41849.0,170.712,0.44270689487457277,0.5393021702766418,0.47202354669570923,0.43959158658981323,0.38085103034973145,0.7677053928375244,0.7266288995742798,0.7379603385925293,0.7818697094917297,0.7946175932884216
8,12,48,0.38215411901474,0.8172804594039917,54233.0,220.248,0.38215411901474,0.4194384813308716,0.40598607063293457,0.36636149883270264,0.34411364793777466,0.8172804594039917,0.7903682589530945,0.7889518141746521,0.8300283551216125,0.854107677936554
8,12,48,0.41928523778915405,0.7830028295516968,66617.0,269.784,0.41928523778915405,0.5032894611358643,0.4638901948928833,0.39442259073257446,0.3740953803062439,0.7830028295516968,0.7294617295265198,0.7648725509643555,0.7960339784622192,0.8045325875282288
8,12,48,0.5864333510398865,0.7252124547958374,14481.0,61.24,0.5864333510398865,0.5879700183868408,0.5879853367805481,0.5875842571258545,0.5876984000205994,0.7252124547958374,0.7252124547958374,0.7252124547958374,0.7252124547958374,0.7252124547958374
8,12,48,0.3873220980167389,0.81104816198349,18601.0,77.728,0.3873220980167389,0.4495512843132019,0.39938583970069885,0.35714247822761536,0.3607860803604126,0.81104816198349,0.7266288995742798,0.8229461908340454,0.8371104598045349,0.844192624092102
8,12,48,0.28884210288524625,0.8869688391685486,22721.0,94.208,0.28884210288524625,0.34011417627334595,0.33221518993377686,0.28104618191719055,0.25918442010879517,0.8869688391685486,0.8753541111946106,0.8668555021286011,0.8810198307037354,0.9065155982971191
8,12,48,0.3279152989387512,0.8504249453544617,30961.0,127.168,0.3279152989387512,0.3521508574485779,0.41124770045280457,0.29421061277389526,0.2938016951084137,0.8504249453544617,0.8342776298522949,0.8059490323066711,0.8640226721763611,0.876770555973053
8,12,48,0.4173832476139069,0.7861189842224121,39201.0,160.128,0.4173832476139069,0.4959884583950043,0.4506748914718628,0.42079249024391174,0.37773555517196655,0.7861189842224121,0.7294617295265198,0.7648725509643555,0.7832860946655273,0.8172804713249207
8,12,48,0.2905631482601166,0.8747875332832337,47441.0,193.088,0.2905631482601166,0.3497244119644165,0.3381916880607605,0.2551575303077698,0.23032096028327942,0.8747875332832337,0.8470255136489868,0.8555240631103516,0.8966005444526672,0.9206798672676086
8,12,48,0.19854153990745543,0.924929165840149,55681.0,226.048,0.19854153990745543,0.28000110387802124,0.20308277010917664,0.16908392310142517,0.1688828468322754,0.924929165840149,0.8781869411468506,0.9277620315551758,0.9390934705734253,0.9334277510643005
8,12,48,0.43138188123703003,0.7937677145004273,72161.0,291.968,0.43138188123703003,0.4557218551635742,0.4760526418685913,0.43358340859413147,0.4076523780822754,0.7937677145004273,0.7903682589530945,0.7691218256950378,0.798866868019104,0.8059490323066711
8,12,48,0.4084946632385254,0.8002832889556885,88641.0,357.888,0.4084946632385254,0.48021969199180603,0.45489567518234253,0.47498923540115356,0.33067598938941956,0.8002832889556885,0.7294617295265198,0.7634561061859131,0.7577903866767883,0.8711048364639282
8,12,48,0.50747509598732,0.7252124547958374,27833.0,114.656,0.50747509598732,0.5009146332740784,0.5179902911186218,0.501163125038147,0.563727617263794,0.7252124547958374,0.7252124547958374,0.7252124547958374,0.7252124547958374,0.7252124547958374
8,12,48,0.33734803795814516,0.8461756229400634,34001.0,139.328,0.33734803795814516,0.40282607078552246,0.37682750821113586,0.37305501103401184,0.2741425931453705,0.8461756229400634,0.7960339784622192,0.8201133012771606,0.8031161427497864,0.9036827087402344
8,12,48,0.20905783176422119,0.9189801692962647,46337.0,188.672,0.20905783176422119,0.237598717212677,0.26879286766052246,0.1907815933227539,0.1762303113937378,0.9189801692962647,0.9065155982971191,0.8753541111946106,0.9320113062858582,0.9334277510643005
8,12,48,0.2691692739725113,0.8878186941146851,58673.0,238.016,0.2691692739725113,0.3509860932826996,0.28906407952308655,0.2560964524745941,0.22315964102745056,0.8878186941146851,0.8328611850738525,0.876770555973053,0.8866855502128601,0.922096312046051
8,12,48,0.27784259915351867,0.8798866868019104,71009.0,287.36,0.27784259915351867,0.3490966856479645,0.2855662703514099,0.26358941197395325,0.26924899220466614,0.8798866868019104,0.8371104598045349,0.876770555973053,0.8923512697219849,0.8739376664161682
8,12,48,0.31851603388786315,0.8648725152015686,83345.0,336.704,0.31851603388786315,0.3643310070037842,0.38544344902038574,0.31716275215148926,0.26610293984413147,0.8648725152015686,0.8498583436012268,0.8286119103431702,0.8555240631103516,0.8852691054344177
8,12,48,0.18652043342590333,0.9356940507888794,108017.0,435.392,0.18652043342590333,0.21287795901298523,0.2299046516418457,0.17413213849067688,0.1419682502746582,0.9356940507888794,0.9206798672676086,0.9036827087402344,0.9433428049087524,0.9603399634361267
8,12,48,0.2420411676168442,0.9096317291259766,132689.0,534.08,0.2420411676168442,0.3420245945453644,0.21875454485416412,0.25947245955467224,0.18784812092781067,0.9096317291259766,0.8512747883796692,0.922096312046051,0.902266263961792,0.9362606406211853
8,12,48,0.4063516974449158,0.7847025394439697,45281.0,184.448,0.4063516974449158,0.4739038050174713,0.4398843050003052,0.37461918592453003,0.3697665333747864,0.7847025394439697,0.7252124547958374,0.7252124547958374,0.8314447402954102,0.8186968564987183
8,12,48,0.23113017678260803,0.9138810157775878,61713.0,250.176,0.23113017678260803,0.25367212295532227,0.2561628520488739,0.21450364589691162,0.21423794329166412,0.9138810157775878,0.8980169892311096,0.8781869411468506,0.9164305925369263,0.9291784763336182
8,12,48,0.2741519957780838,0.8844192504882813,78145.0,315.904,0.2741519957780838,0.33872807025909424,0.32690367102622986,0.2561402916908264,0.21846650540828705,0.8844192504882813,0.8371104598045349,0.8456090688705444,0.9079319834709167,0.9206798672676086
8,12,48,0.2259496569633484,0.9186968803405762,94577.0,381.632,0.2259496569633484,0.391362726688385,0.19642086327075958,0.18247927725315094,0.1887672394514084,0.9186968803405762,0.8399433493614197,0.9362606406211853,0.9390934705734253,0.9320113062858582
8,12,48,0.32351518869400026,0.8623229384422302,111009.0,447.36,0.32351518869400026,0.41078799962997437,0.3735204041004181,0.3437907099723816,0.2490658164024353,0.8623229384422302,0.8186968564987183,0.8300283551216125,0.8682719469070435,0.8980169892311096
8,12,48,0.23383491337299347,0.9093484520912171,143873.0,578.816,0.23383491337299347,0.29060351848602295,0.2544063627719879,0.2378491908311844,0.20626002550125122,0.9093484520912171,0.8753541111946106,0.8937677145004272,0.9135977625846863,0.9291784763336182
8,12,48,0.30913752913475034,0.8835693955421448,176737.0,710.272,0.30913752913475034,0.40910059213638306,0.37577635049819946,0.19507931172847748,0.23938290774822235,0.8835693955421448,0.8031161427497864,0.821529746055603,0.9263455867767334,0.9376770257949829
8,12,48,0.3535894215106964,0.82209632396698,77089.0,311.68,0.3535894215106964,0.457511305809021,0.4476938545703888,0.31845954060554504,0.2997288405895233,0.82209632396698,0.7252124547958374,0.7407932281494141,0.8711048364639282,0.8866855502128601
8,12,48,0.3296515703201294,0.854674232006073,97617.0,393.792,0.3296515703201294,0.4217834174633026,0.380749374628067,0.3009275794029236,0.27516594529151917,0.854674232006073,0.7932011485099792,0.8101983070373535,0.876770555973053,0.8824362754821777
8,12,48,0.2972911685705185,0.8705382585525513,118145.0,475.904,0.2972911685705185,0.38718247413635254,0.34444624185562134,0.2824668884277344,0.23040905594825745,0.8705382585525513,0.8300283551216125,0.8399433493614197,0.8739376664161682,0.9135977625846863
8,12,48,0.1663019597530365,0.943626058101654,138673.0,558.016,0.1663019597530365,0.1825021207332611,0.15237729251384735,0.1621386706829071,0.1744033247232437,0.943626058101654,0.9291784763336182,0.9504249095916748,0.9475920796394348,0.94475919008255
8,12,48,0.17313150465488433,0.9433427810668945,179729.0,722.24,0.17313150465488433,0.2040090411901474,0.20649316906929016,0.1689627319574356,0.1364816576242447,0.9433427810668945,0.9249292016029358,0.9334277510643005,0.9461756348609924,0.9589235186576843
8,12,48,0.346210840344429,0.843626058101654,220785.0,886.464,0.346210840344429,0.49802419543266296,0.44815823435783386,0.28370386362075806,0.2588125169277191,0.843626058101654,0.7535410523414612,0.7847025394439697,0.8909348249435425,0.8895184397697449
8,12,48,0.22316299378871918,0.9096317410469055,92465.0,373.184,0.22316299378871918,0.32213690876960754,0.2531817853450775,0.20313000679016113,0.16897709667682648,0.9096317410469055,0.8526912331581116,0.9065155982971191,0.919263482093811,0.9291784763336182
8,12,48,0.38118767738342285,0.8121813058853149,117089.0,471.68,0.38118767738342285,0.4887814521789551,0.4082922637462616,0.38049960136413574,0.31306955218315125,0.8121813058853149,0.7252124547958374,0.7960339784622192,0.7932011485099792,0.8824362754821777
8,12,48,0.18752322494983673,0.9456090569496155,141713.0,570.176,0.18752322494983673,0.22126075625419617,0.17561499774456024,0.17492520809173584,0.1551196575164795,0.9456090569496155,0.902266263961792,0.9475920796394348,0.9560906291007996,0.9603399634361267
8,12,48,0.18199218213558196,0.9430594801902771,166337.0,668.672,0.18199218213558196,0.24963004887104034,0.13993622362613678,0.13062691688537598,0.2243729680776596,0.9430594801902771,0.899433434009552,0.9560906291007996,0.9504249095916748,0.9475920796394348
8,12,48,0.19701827466487884,0.9274787664413452,215585.0,865.664,0.19701827466487884,0.2102889120578766,0.213483989238739,0.19297689199447632,0.20347663760185242,0.9274787664413452,0.9121813178062439,0.9178470373153687,0.9348441958427429,0.9291784763336182
8,12,48,0.21030421257019044,0.9167138695716858,264833.0,1062.656,0.21030421257019044,0.2876276671886444,0.2354656606912613,0.21553635597229004,0.15921568870544434,0.9167138695716858,0.856940507888794,0.8966005444526672,0.9320113062858582,0.9504249095916748
8,12,48,0.5102574586868286,0.7252124547958374,9433.0,41.116,0.5102574586868286,0.5815352201461792,0.5817387104034424,0.48302197456359863,0.4659993648529053,0.7252124547958374,0.7252124547958374,0.7252124547958374,0.7252124547958374,0.7252124547958374
8,12,48,0.36363052725791933,0.8036827206611633,11749.0,50.38,0.36363052725791933,0.42343616485595703,0.3897198438644409,0.3690474331378937,0.33972838521003723,0.8036827206611633,0.7252124547958374,0.7252124547958374,0.8385269045829773,0.854107677936554
8,12,48,0.26368564665317534,0.8878186941146851,16381.0,68.908,0.26368564665317534,0.34499654173851013,0.3113408386707306,0.22153694927692413,0.20137158036231995,0.8878186941146851,0.8371104598045349,0.8583569526672363,0.9164305925369263,0.9305949211120605
8,12,48,0.3156936287879944,0.854107654094696,21013.0,87.436,0.3156936287879944,0.3783150911331177,0.3269478976726532,0.337825208902359,0.29265540838241577,0.854107654094696,0.8470255136489868,0.8583569526672363,0.821529746055603,0.8456090688705444
8,12,48,0.28218131363391874,0.8815864086151123,30277.0,124.492,0.28218131363391874,0.37886181473731995,0.32032546401023865,0.25832152366638184,0.22655178606510162,0.8815864086151123,0.8470255136489868,0.8696883916854858,0.8824362754821777,0.9065155982971191
8,12,48,0.38150027990341184,0.8067988753318787,39541.0,161.548,0.38150027990341184,0.49863189458847046,0.43143248558044434,0.3573029935359955,0.31750839948654175,0.8067988753318787,0.7252124547958374,0.7450425028800964,0.8300283551216125,0.8526912331581116
8,12,48,0.459942489862442,0.756373941898346,48805.0,198.604,0.459942489862442,0.5230227708816528,0.5253491997718811,0.4849388301372528,0.4248294532299042,0.756373941898346,0.7223796248435974,0.7280453443527222,0.7195467352867126,0.7747875452041626
8,12,48,0.3881240010261536,0.810481584072113,58069.0,235.66,0.3881240010261536,0.5110357999801636,0.41044166684150696,0.3876578211784363,0.3361663222312927,0.810481584072113,0.7280453443527222,0.8059490323066711,0.801699697971344,0.8498583436012268
8,12,48,0.31027592718601227,0.8617563843727112,76597.0,309.772,0.31027592718601227,0.3449035882949829,0.4540870785713196,0.3073323667049408,0.24482642114162445,0.8617563843727112,0.8470255136489868,0.7818697094917297,0.8583569526672363,0.8951841592788696
8,12,48,0.31627972424030304,0.8631727933883667,95125.0,383.884,0.31627972424030304,0.49112841486930847,0.34659305214881897,0.30414342880249023,0.2255508154630661,0.8631727933883667,0.7294617295265198,0.856940507888794,0.8980169892311096,0.9150141477584839
8,12,48,0.5798087120056152,0.7252124547958374,13569.0,57.6,0.5798087120056152,0.5796449780464172,0.5803190469741821,0.5815877318382263,0.5786956548690796,0.7252124547958374,0.7252124547958374,0.7252124547958374,0.7252124547958374,0.7252124547958374
8,12,48,0.5820394873619079,0.7252124547958374,15981.0,67.248,0.5820394873619079,0.5879639983177185,0.5839828848838806,0.5775578022003174,0.5807644128799438,0.7252124547958374,0.7252124547958374,0.7252124547958374,0.7252124547958374,0.7252124547958374
8,12,48,0.4209995329380035,0.7866855382919311,20805.0,86.544,0.4209995329380035,0.4759255647659302,0.524093508720398,0.38560688495635986,0.3675091862678528,0.7866855382919311,0.7252124547958374,0.7252124547958374,0.8314447402954102,0.8328611850738525
8,12,48,0.368327921628952,0.8175637364387512,25629.0,105.84,0.368327921628952,0.4127219319343567,0.39365869760513306,0.3742693066596985,0.33373114466667175,0.8175637364387512,0.7507082223892212,0.798866868019104,0.8144475817680359,0.8512747883796692
8,12,48,0.2736292123794556,0.8861189842224121,35277.0,144.432,0.2736292123794556,0.31808194518089294,0.3063412010669708,0.2766294777393341,0.22986754775047302,0.8861189842224121,0.8597733974456787,0.876770555973053,0.8909348249435425,0.9008498787879944
8,12,48,0.2903411537408829,0.8801699638366699,44925.0,183.024,0.2903411537408829,0.4027687907218933,0.30922436714172363,0.28374412655830383,0.22911010682582855,0.8801699638366699,0.8484418988227844,0.856940507888794,0.8654391169548035,0.9093484282493591
8,12,48,0.3321851134300232,0.8339943289756775,54573.0,221.616,0.3321851134300232,0.49076420068740845,0.4361535608768463,0.26682570576667786,0.2430291324853897,0.8339943289756775,0.7195467352867126,0.7577903866767883,0.8980169892311096,0.8923512697219849
8,12,48,0.28174504935741423,0.8660056710243225,64221.0,260.208,0.28174504935741423,0.4118402600288391,0.2958117127418518,0.2524706721305847,0.25757738947868347,0.8660056710243225,0.7804532647132874,0.8682719469070435,0.8824362754821777,0.8881019949913025
8,12,48,0.4083223700523376,0.80878187417984,83517.0,337.392,0.4083223700523376,0.5199442505836487,0.5651779770851135,0.3310384452342987,0.3075069189071655,0.80878187417984,0.720963180065155,0.7252124547958374,0.8654391169548035,0.879603385925293
8,12,48,0.3418399214744568,0.8300283193588257,102813.0,414.576,0.3418399214744568,0.4788830578327179,0.3891752064228058,0.36605337262153625,0.2473539113998413,0.8300283193588257,0.7294617295265198,0.8031161427497864,0.821529746055603,0.8937677145004272
8,12,48,0.5865088820457458,0.7252124547958374,21237.0,88.272,0.5865088820457458,0.5879690647125244,0.5879698991775513,0.5879812240600586,0.5839701294898987,0.7252124547958374,0.7252124547958374,0.7252124547958374,0.7252124547958374,0.7252124547958374
8,12,48,0.238974991440773,0.9028328657150269,27661.0,113.968,0.238974991440773,0.3154642879962921,0.26832324266433716,0.21669302880764008,0.21687862277030945,0.9028328657150269,0.8456090688705444,0.8951841592788696,0.922096312046051,0.922096312046051
8,12,48,0.3463789403438568,0.8376770615577698,34085.0,139.664,0.3463789403438568,0.4713006913661957,0.3916325867176056,0.3297775983810425,0.26878079771995544,0.8376770615577698,0.7252124547958374,0.8243626356124878,0.8668555021286011,0.8824362754821777
8,12,48,0.18157897591590882,0.9339943408966065,46933.0,191.056,0.18157897591590882,0.24685931205749512,0.1698443442583084,0.16400164365768433,0.15667584538459778,0.9339943408966065,0.9008498787879944,0.9305949211120605,0.9433428049087524,0.94475919008255
8,12,48,0.24474084377288818,0.902832853794098,59781.0,242.448,0.24474084377288818,0.33086052536964417,0.26501917839050293,0.23198693990707397,0.2013472616672516,0.902832853794098,0.8611897826194763,0.8966005444526672,0.902266263961792,0.9235127568244934
8,12,48,0.17457179129123687,0.9390934705734253,72629.0,293.84,0.17457179129123687,0.2460881769657135,0.18791285157203674,0.15218080580234528,0.1399959772825241,0.9390934705734253,0.9263455867767334,0.9164305925369263,0.94475919008255,0.9518413543701172
8,12,48,0.17711438238620758,0.9362606287002564,85477.0,345.232,0.17711438238620758,0.2395632416009903,0.1981811672449112,0.15200568735599518,0.13900546729564667,0.9362606287002564,0.9050991535186768,0.922096312046051,0.9433428049087524,0.954674243927002
8,12,48,0.35054533183574677,0.8291784763336182,111173.0,448.016,0.35054533183574677,0.4995173513889313,0.4325004816055298,0.3383486866950989,0.25309497117996216,0.8291784763336182,0.7266288995742798,0.7719546556472778,0.8413597941398621,0.9050991535186768
8,12,48,0.18055322170257568,0.934844183921814,136869.0,550.8,0.18055322170257568,0.22993431985378265,0.18150363862514496,0.15977294743061066,0.19858136773109436,0.934844183921814,0.9079319834709167,0.9320113062858582,0.9461756348609924,0.9348441958427429
8,12,48,0.249546679854393,0.8917847037315368,41373.0,168.816,0.249546679854393,0.2860776484012604,0.2766549289226532,0.21405306458473206,0.23223474621772766,0.8917847037315368,0.8711048364639282,0.8654391169548035,0.9263455867767334,0.9050991535186768
8,12,48,0.4603395342826843,0.7733711004257202,50997.0,207.312,0.4603395342826843,0.5619370341300964,0.5417492985725403,0.4967421293258667,0.35066407918930054,0.7733711004257202,0.7252124547958374,0.7252124547958374,0.7252124547958374,0.844192624092102
8,12,48,0.26940403282642367,0.8886685490608215,70245.0,284.304,0.26940403282642367,0.450135737657547,0.2823008894920349,0.2443767637014389,0.19862933456897736,0.8886685490608215,0.7705382704734802,0.902266263961792,0.902266263961792,0.9235127568244934
8,12,48,0.2002553254365921,0.9371104717254639,89493.0,361.296,0.2002553254365921,0.338691771030426,0.1858835369348526,0.1686663031578064,0.16074147820472717,0.9371104717254639,0.8725212216377258,0.9376770257949829,0.9504249095916748,0.9532577991485596
8,12,48,0.20812731087207795,0.9175637364387512,108741.0,438.288,0.20812731087207795,0.29758787155151367,0.1979646384716034,0.2055860459804535,0.1709151268005371,0.9175637364387512,0.8611897826194763,0.922096312046051,0.9121813178062439,0.9405099153518677
8,12,48,0.149067485332489,0.9498583555221558,127989.0,515.28,0.149067485332489,0.17589415609836578,0.1674634963274002,0.1535721868276596,0.10954423248767853,0.9498583555221558,0.9362606406211853,0.9475920796394348,0.9504249095916748,0.9589235186576843
8,12,48,0.16343802362680435,0.9416430592536926,166485.0,669.264,0.16343802362680435,0.22982420027256012,0.2137814462184906,0.14265377819538116,0.11455221474170685,0.9416430592536926,0.9050991535186768,0.9164305925369263,0.9575070738792419,0.9603399634361267
8,12,48,0.2079879730939865,0.9266288995742797,204981.0,823.248,0.2079879730939865,0.4251136779785156,0.1499670296907425,0.1387096792459488,0.13055206835269928,0.9266288995742797,0.8130311369895935,0.9433428049087524,0.9560906291007996,0.9660056829452515
8,12,48,0.5845898389816284,0.7252124547958374,67909.0,274.96,0.5845898389816284,0.5879635214805603,0.5879923105239868,0.5844588279724121,0.5811025500297546,0.7252124547958374,0.7252124547958374,0.7252124547958374,0.7252124547958374,0.7252124547958374
8,12,48,0.21902479529380797,0.9212464570999146,93557.0,377.552,0.21902479529380797,0.2778732180595398,0.2416340708732605,0.20104388892650604,0.16997210681438446,0.9212464570999146,0.8895184397697449,0.9093484282493591,0.9348441958427429,0.9405099153518677
8,12,48,0.18663704693317412,0.9317280650138855,119205.0,480.144,0.18663704693317412,0.28005096316337585,0.2045896053314209,0.13751012086868286,0.1560065895318985,0.9317280650138855,0.8824362754821777,0.919263482093811,0.954674243927002,0.9475920796394348
8,12,48,0.29384551048278806,0.8770538210868836,144853.0,582.736,0.29384551048278806,0.3684239685535431,0.32041963934898376,0.27709537744522095,0.23106959462165833,0.8770538210868836,0.798866868019104,0.8753541111946106,0.8909348249435425,0.9206798672676086
8,12,48,0.17329567670822144,0.9413597702980041,170501.0,685.328,0.17329567670822144,0.32906386256217957,0.18158629536628723,0.11445687711238861,0.12245216220617294,0.9413597702980041,0.8838527202606201,0.9334277510643005,0.9560906291007996,0.9716714024543762
8,12,48,0.1070726528763771,0.9657223939895629,221797.0,890.512,0.1070726528763771,0.15878401696681976,0.11610935628414154,0.09719378501176834,0.0875888466835022,0.9657223939895629,0.9362606406211853,0.9645892381668091,0.9730878472328186,0.977337121963501
8,12,48,0.15482140481472015,0.9501416444778442,273093.0,1095.696,0.15482140481472015,0.1746317595243454,0.16782738268375397,0.13142621517181396,0.14777974784374237,0.9501416444778442,0.9305949211120605,0.9376770257949829,0.9617563486099243,0.954674243927002
8,12,48,0.3115744650363922,0.855240797996521,116869.0,470.8,0.3115744650363922,0.4486255645751953,0.3299390971660614,0.23331691324710846,0.3141046464443207,0.855240797996521,0.7252124547958374,0.8484418988227844,0.9249292016029358,0.8824362754821777
8,12,48,0.1760937124490738,0.9379603385925293,148917.0,598.992,0.1760937124490738,0.27194979786872864,0.22125646471977234,0.12434248626232147,0.13709917664527893,0.9379603385925293,0.8824362754821777,0.9135977625846863,0.9688385128974915,0.9575070738792419
8,12,48,0.16998395323753357,0.9362606167793274,180965.0,727.184,0.16998395323753357,0.20938028395175934,0.21105077862739563,0.1723615825176239,0.13512563705444336,0.9362606167793274,0.9178470373153687,0.9093484282493591,0.9334277510643005,0.9617563486099243
8,12,48,0.14902321249246597,0.9473087906837463,213013.0,855.376,0.14902321249246597,0.19507357478141785,0.17702895402908325,0.1490301787853241,0.11718224734067917,0.9473087906837463,0.9235127568244934,0.9433428049087524,0.9461756348609924,0.9603399634361267
8,12,48,0.13251039236783982,0.9611898064613342,277109.0,1111.76,0.13251039236783982,0.13767564296722412,0.12922002375125885,0.13235126435756683,0.1121964082121849,0.9611898064613342,0.9603399634361267,0.9589235186576843,0.9631727933883667,0.9603399634361267
8,12,48,0.1376085638999939,0.9651558041572571,341205.0,1368.144,0.1376085638999939,0.15527264773845673,0.13085944950580597,0.13342098891735077,0.12823140621185303,0.9651558041572571,0.9518413543701172,0.9688385128974915,0.9617563486099243,0.9660056829452515
8,12,48,0.16718207895755768,0.944192636013031,140181.0,564.048,0.16718207895755768,0.2196621596813202,0.2012484073638916,0.1368730664253235,0.12264499068260193,0.944192636013031,0.9178470373153687,0.9305949211120605,0.9532577991485596,0.9560906291007996
8,12,48,0.1672191023826599,0.9419263362884521,178629.0,717.84,0.1672191023826599,0.19698584079742432,0.2028018683195114,0.14122869074344635,0.14850680530071259,0.9419263362884521,0.9277620315551758,0.9178470373153687,0.9461756348609924,0.9560906291007996
8,12,48,0.20078254640102386,0.9218130230903625,217077.0,871.632,0.20078254640102386,0.22476790845394135,0.23357780277729034,0.17284013330936432,0.2000497728586197,0.9218130230903625,0.902266263961792,0.9121813178062439,0.9390934705734253,0.9079319834709167
8,12,48,0.21372837722301483,0.9158640265464782,255525.0,1025.424,0.21372837722301483,0.28531163930892944,0.25428467988967896,0.2261698991060257,0.15281273424625397,0.9158640265464782,0.8824362754821777,0.8881019949913025,0.9107648730278015,0.9461756348609924
8,12,48,0.1395479291677475,0.9555240869522095,332421.0,1333.008,0.1395479291677475,0.1680602878332138,0.1780935525894165,0.10702723264694214,0.11654289066791534,0.9555240869522095,0.9433428049087524,0.9291784763336182,0.9702549576759338,0.9730878472328186
8,12,48,0.17546941936016083,0.9351274728775024,409317.0,1640.592,0.17546941936016083,0.22791720926761627,0.2150760293006897,0.13917319476604462,0.15133893489837646,0.9351274728775024,0.902266263961792,0.9206798672676086,0.9603399634361267,0.9405099153518677
8,12,48,0.58746178150177,0.7252124547958374,22057.0,91.552,0.58746178150177,0.5853723883628845,0.5879687070846558,0.5879890322685242,0.5879918336868286,0.7252124547958374,0.7252124547958374,0.7252124547958374,0.7252124547958374,0.7252124547958374
8,12,48,0.5879769563674927,0.7252124547958374,26773.0,110.416,0.5879769563674927,0.5879659056663513,0.5879791975021362,0.5879742503166199,0.5880008339881897,0.7252124547958374,0.7252124547958374,0.7252124547958374,0.7252124547958374,0.7252124547958374
8,12,48,0.5134399235248566,0.7252124547958374,36205.0,148.144,0.5134399235248566,0.4629252851009369,0.5794393420219421,0.5348312854766846,0.5004885792732239,0.7252124547958374,0.7252124547958374,0.7252124547958374,0.7252124547958374,0.7252124547958374
8,12,48,0.32876712679862974,0.8512747883796692,45637.0,185.872,0.32876712679862974,0.4297999441623688,0.28971415758132935,0.31774964928627014,0.27148890495300293,0.8512747883796692,0.7662889361381531,0.8838527202606201,0.8597733974456787,0.8852691054344177
8,12,48,0.23573051989078522,0.908781886100769,64501.0,261.328,0.23573051989078522,0.3042612373828888,0.25537097454071045,0.2278784066438675,0.19537752866744995,0.908781886100769,0.854107677936554,0.8838527202606201,0.9305949211120605,0.9362606406211853
8,12,48,0.31378101110458373,0.8645892262458801,83365.0,336.784,0.31378101110458373,0.3492402136325836,0.32794350385665894,0.33340877294540405,0.3089127540588379,0.8645892262458801,0.8257790207862854,0.8484418988227844,0.8640226721763611,0.8739376664161682
8,12,48,0.33406552374362947,0.8359773397445679,102229.0,412.24,0.33406552374362947,0.47317028045654297,0.4736388325691223,0.2736773192882538,0.22872425615787506,0.8359773397445679,0.7266288995742798,0.743626058101654,0.9036827087402344,0.899433434009552
8,12,48,0.31240100264549253,0.8787535429000854,121093.0,487.696,0.31240100264549253,0.3660217225551605,0.5079916715621948,0.30314698815345764,0.18842773139476776,0.8787535429000854,0.8257790207862854,0.7946175932884216,0.8810198307037354,0.9461756348609924
8,12,48,0.3101481288671494,0.8665722370147705,158821.0,638.608,0.3101481288671494,0.38179871439933777,0.3469763994216919,0.34030020236968994,0.25904756784439087,0.8665722370147705,0.8229461908340454,0.844192624092102,0.8526912331581116,0.8909348249435425
8,12,48,0.3422369360923767,0.8498583555221557,196549.0,789.52,0.3422369360923767,0.452197790145874,0.338255912065506,0.35210123658180237,0.28557026386260986,0.8498583555221557,0.7917847037315369,0.8626062273979187,0.8413597941398621,0.8866855502128601
8,12,48,0.5733850359916687,0.7252124547958374,35613.0,145.776,0.5733850359916687,0.580294668674469,0.5844216346740723,0.5798001885414124,0.543993353843689,0.7252124547958374,0.7252124547958374,0.7252124547958374,0.7252124547958374,0.7252124547958374
8,12,48,0.27842476665973664,0.9008498549461365,48181.0,196.048,0.27842476665973664,0.3786493241786957,0.27770575881004333,0.2502250075340271,0.20252688229084015,0.9008498549461365,0.8328611850738525,0.8866855502128601,0.9121813178062439,0.9376770257949829
8,12,48,0.3350484371185303,0.8597733616828919,60749.0,246.32,0.3350484371185303,0.43053770065307617,0.34563860297203064,0.30099210143089294,0.3168230354785919,0.8597733616828919,0.798866868019104,0.856940507888794,0.8781869411468506,0.8668555021286011
8,12,48,0.2922893226146698,0.8779036641120911,85885.0,346.864,0.2922893226146698,0.39578667283058167,0.2766714096069336,0.24563013017177582,0.2938384711742401,0.8779036641120911,0.8257790207862854,0.8725212216377258,0.902266263961792,0.8810198307037354
8,12,48,0.29438606202602385,0.8694050908088684,111021.0,447.408,0.29438606202602385,0.3852427899837494,0.3647499978542328,0.2658834159374237,0.2249988466501236,0.8694050908088684,0.8186968564987183,0.8229461908340454,0.8966005444526672,0.9093484282493591
8,12,48,0.25152655243873595,0.901133143901825,136157.0,547.952,0.25152655243873595,0.38484787940979004,0.3178228437900543,0.2070721834897995,0.19917842745780945,0.901133143901825,0.8456090688705444,0.8597733974456787,0.9263455867767334,0.9206798672676086
8,12,48,0.2125657916069031,0.9461756348609924,161293.0,648.496,0.2125657916069031,0.20913907885551453,0.22988468408584595,0.21223793923854828,0.19675888121128082,0.9461756348609924,0.9334277510643005,0.9390934705734253,0.9532577991485596,0.9603399634361267
8,12,48,0.2733030080795288,0.8906515598297119,211565.0,849.584,0.2733030080795288,0.44319793581962585,0.30182623863220215,0.2643882930278778,0.20026983320713043,0.8906515598297119,0.7946175932884216,0.8654391169548035,0.8980169892311096,0.9320113062858582
8,12,48,0.18779520094394683,0.9501416325569153,261837.0,1050.672,0.18779520094394683,0.20026296377182007,0.15684327483177185,0.1483817994594574,0.26031163334846497,0.9501416325569153,0.9320113062858582,0.9631727933883667,0.9490085244178772,0.9390934705734253
8,12,48,0.5879968285560608,0.7252124547958374,72133.0,291.856,0.5879968285560608,0.58796626329422,0.5880011320114136,0.5880102515220642,0.5880041718482971,0.7252124547958374,0.7252124547958374,0.7252124547958374,0.7252124547958374,0.7252124547958374
8,12,48,0.5835249185562134,0.7252124547958374,90973.0,367.216,0.5835249185562134,0.5879875421524048,0.5879685878753662,0.5821537375450134,0.5806303024291992,0.7252124547958374,0.7252124547958374,0.7252124547958374,0.7252124547958374,0.7252124547958374
8,12,48,0.22716566920280457,0.9252124547958374,128653.0,517.936,0.22716566920280457,0.23966039717197418,0.23620878159999847,0.2632349133491516,0.191001757979393,0.9252124547958374,0.9036827087402344,0.9008498787879944,0.9320113062858582,0.94475919008255
8,12,48,0.32874071300029756,0.8498583555221557,166333.0,668.656,0.32874071300029756,0.43678897619247437,0.36418572068214417,0.29466503858566284,0.33615565299987793,0.8498583555221557,0.7252124547958374,0.8314447402954102,0.8895184397697449,0.879603385925293
8,12,48,0.15930257737636566,0.9492918014526367,204013.0,819.376,0.15930257737636566,0.2147366851568222,0.13877585530281067,0.1925167441368103,0.14802442491054535,0.9492918014526367,0.919263482093811,0.9589235186576843,0.9433428049087524,0.9518413543701172
8,12,48,0.14891201108694077,0.9597733736038208,241693.0,970.096,0.14891201108694077,0.15079468488693237,0.14954613149166107,0.12425749748945236,0.1665607988834381,0.9597733736038208,0.9504249095916748,0.9532577991485596,0.9589235186576843,0.9716714024543762
8,12,48,0.12098152190446854,0.9682719588279725,317053.0,1271.536,0.12098152190446854,0.1207796037197113,0.12757989764213562,0.10547863692045212,0.10913699865341187,0.9682719588279725,0.9617563486099243,0.9660056829452515,0.9730878472328186,0.9716714024543762
8,12,48,0.15025626718997956,0.9543909430503845,392413.0,1572.976,0.15025626718997956,0.1693217009305954,0.13004882633686066,0.19172516465187073,0.13629063963890076,0.9543909430503845,0.9433428049087524,0.9603399634361267,0.9305949211120605,0.9631727933883667
8,12,48,0.33444179594516754,0.8569405198097229,121197.0,488.112,0.33444179594516754,0.4183506965637207,0.42119020223617554,0.3147971034049988,0.27033504843711853,0.8569405198097229,0.7252124547958374,0.8342776298522949,0.8951841592788696,0.9135977625846863
8,12,48,0.45273385643959047,0.7484419226646424,171421.0,689.008,0.45273385643959047,0.47257447242736816,0.5019453167915344,0.48683351278305054,0.3978182375431061,0.7484419226646424,0.7252124547958374,0.7252124547958374,0.7252124547958374,0.7252124547958374
8,12,48,0.23747298121452332,0.9059489965438843,221645.0,889.904,0.23747298121452332,0.33758729696273804,0.3080427348613739,0.1846945583820343,0.19140709936618805,0.9059489965438843,0.8427761793136597,0.8640226721763611,0.9263455867767334,0.9334277510643005
8,12,48,0.1179801344871521,0.967422091960907,271869.0,1090.8,0.1179801344871521,0.12828977406024933,0.12308633327484131,0.11545320600271225,0.1012330949306488,0.967422091960907,0.9575070738792419,0.9645892381668091,0.9716714024543762,0.9745042324066162
8,12,48,0.1428089141845703,0.946458923816681,322093.0,1291.696,0.1428089141845703,0.17430703341960907,0.13848747313022614,0.1684757024049759,0.12121457606554031,0.946458923816681,0.9320113062858582,0.9433428049087524,0.9249292016029358,0.9645892381668091
8,12,48,0.29646210074424745,0.8626062273979187,422541.0,1693.488,0.29646210074424745,0.4624533951282501,0.3515390157699585,0.24728648364543915,0.22362889349460602,0.8626062273979187,0.7308781743049622,0.8328611850738525,0.899433434009552,0.9121813178062439
8,12,48,0.3539220094680786,0.8577903747558594,522989.0,2095.28,0.3539220094680786,0.6260915398597717,0.5012994408607483,0.25838127732276917,0.19942881166934967,0.8577903747558594,0.7592067718505859,0.7818697094917297,0.8937677145004272,0.9235127568244934
8,12,48,0.249735289812088,0.8926345467567444,214189.0,860.08,0.249735289812088,0.31599336862564087,0.2779439091682434,0.23250557482242584,0.22603967785835266,0.8926345467567444,0.8498583436012268,0.8810198307037354,0.9079319834709167,0.9036827087402344
8,12,48,0.3040092408657074,0.8685552477836609,276957.0,1111.152,0.3040092408657074,0.36292973160743713,0.37154775857925415,0.32886993885040283,0.24911709129810333,0.8685552477836609,0.8342776298522949,0.8512747883796692,0.8526912331581116,0.8923512697219849
8,12,48,0.2690951257944107,0.8991501331329346,339725.0,1362.224,0.2690951257944107,0.3511385917663574,0.26735731959342957,0.31405285000801086,0.21044163405895233,0.8991501331329346,0.8512747883796692,0.902266263961792,0.876770555973053,0.9277620315551758
8,12,48,0.2138443410396576,0.920963180065155,402493.0,1613.296,0.2138443410396576,0.2883763909339905,0.2517354488372803,0.20613878965377808,0.1581980288028717,0.920963180065155,0.8881019949913025,0.8980169892311096,0.9135977625846863,0.9518413543701172
8,12,48,0.1149926319718361,0.9708215355873108,528029.0,2115.44,0.1149926319718361,0.15134379267692566,0.09525265544652939,0.11245952546596527,0.11406581103801727,0.9708215355873108,0.9589235186576843,0.9787535667419434,0.9688385128974915,0.9745042324066162
8,12,48,0.25267150104045866,0.8946175694465637,653565.0,2617.584,0.25267150104045866,0.4949513375759125,0.2333383560180664,0.1962529420852661,0.181368887424469,0.8946175694465637,0.7577903866767883,0.9036827087402344,0.9362606406211853,0.9405099153518677
8,12,48,0.583173954486847,0.7252124547958374,256957.0,1031.152,0.583173954486847,0.5833535194396973,0.5836020112037659,0.5807253122329712,0.5825233459472656,0.7252124547958374,0.7252124547958374,0.7252124547958374,0.7252124547958374,0.7252124547958374
8,12,48,0.2685587197542191,0.8912181377410888,332269.0,1332.4,0.2685587197542191,0.5212881565093994,0.247447669506073,0.22440418601036072,0.16880163550376892,0.8912181377410888,0.7252124547958374,0.9107648730278015,0.9249292016029358,0.9461756348609924
8,12,48,0.30593565106391907,0.8875354170799256,407581.0,1633.648,0.30593565106391907,0.39624083042144775,0.35591229796409607,0.2877083718776703,0.2697182595729828,0.8875354170799256,0.8456090688705444,0.8711048364639282,0.8923512697219849,0.9050991535186768
8,12,48,0.17603855431079865,0.9413597702980041,482893.0,1934.896,0.17603855431079865,0.21295194327831268,0.18084461987018585,0.17880266904830933,0.15442563593387604,0.9413597702980041,0.9164305925369263,0.9277620315551758,0.94475919008255,0.9490085244178772
8,12,48,0.2500459969043732,0.8940509796142578,633517.0,2537.392,0.2500459969043732,0.46375176310539246,0.24913915991783142,0.1946834772825241,0.1499234437942505,0.8940509796142578,0.7733711004257202,0.8966005444526672,0.9263455867767334,0.9475920796394348
8,12,48,0.12584940642118453,0.9654391050338745,784141.0,3139.888,0.12584940642118453,0.16450244188308716,0.13139274716377258,0.11594141274690628,0.11491397023200989,0.9654391050338745,0.9475920796394348,0.9589235186576843,0.9730878472328186,0.9688385128974915
8,12,48,0.5880173683166504,0.7252124547958374,32849.0,134.78,0.5880173683166504,0.5881509780883789,0.5879866480827332,0.5879837274551392,0.5879737734794617,0.7252124547958374,0.7252124547958374,0.7252124547958374,0.7252124547958374,0.7252124547958374
8,12,48,0.5879776358604432,0.7252124547958374,40637.0,165.932,0.5879776358604432,0.587968111038208,0.5879970192909241,0.5879724025726318,0.5879783034324646,0.7252124547958374,0.7252124547958374,0.7252124547958374,0.7252124547958374,0.7252124547958374
8,12,48,0.4705836296081543,0.7252124547958374,56213.0,228.236,0.4705836296081543,0.42954957485198975,0.4538029134273529,0.4598075747489929,0.5545543432235718,0.7252124547958374,0.7252124547958374,0.7252124547958374,0.7252124547958374,0.7252124547958374
8,12,48,0.3924892544746399,0.8045325756072998,71789.0,290.54,0.3924892544746399,0.44203341007232666,0.41387391090393066,0.37447044253349304,0.38076338171958923,0.8045325756072998,0.7252124547958374,0.8031161427497864,0.8172804713249207,0.8342776298522949
8,12,48,0.24910984933376312,0.9073654413223267,102941.0,415.148,0.24910984933376312,0.3256790339946747,0.2878101170063019,0.24120159447193146,0.21206142008304596,0.9073654413223267,0.8696883916854858,0.879603385925293,0.9249292016029358,0.9249292016029358
8,12,48,0.33599733412265775,0.84419264793396,134093.0,539.756,0.33599733412265775,0.4242141842842102,0.3946976661682129,0.34890782833099365,0.22635795176029205,0.84419264793396,0.7946175932884216,0.8101983070373535,0.8300283551216125,0.9121813178062439
8,12,48,0.180730465054512,0.9322946071624756,165245.0,664.364,0.180730465054512,0.2721737027168274,0.204044908285141,0.1453203558921814,0.1322496384382248,0.9322946071624756,0.8824362754821777,0.9277620315551758,0.9376770257949829,0.9575070738792419
8,12,48,0.32047859728336336,0.8515580773353577,196397.0,788.972,0.32047859728336336,0.4752046763896942,0.3814276158809662,0.3109983503818512,0.2295699566602707,0.8515580773353577,0.7266288995742798,0.8045325875282288,0.856940507888794,0.9249292016029358
8,12,48,0.14126641899347306,0.9558073520660401,258701.0,1038.188,0.14126641899347306,0.22448062896728516,0.15737836062908173,0.11078709363937378,0.11042191088199615,0.9558073520660401,0.922096312046051,0.9518413543701172,0.9674220681190491,0.9674220681190491
8,12,48,0.23009952008724213,0.9048158645629882,321005.0,1287.404,0.23009952008724213,0.40550240874290466,0.22062988579273224,0.18704378604888916,0.14437246322631836,0.9048158645629882,0.7776203751564026,0.9235127568244934,0.9348441958427429,0.9532577991485596
8,12,48,0.5421808242797852,0.7252124547958374,54085.0,219.664,0.5421808242797852,0.5144888758659363,0.5626258254051208,0.5744409561157227,0.5212783217430115,0.7252124547958374,0.7252124547958374,0.7252124547958374,0.7252124547958374,0.7252124547958374
8,12,48,0.4995658934116364,0.7252124547958374,74845.0,302.704,0.4995658934116364,0.5472977161407471,0.5523954033851624,0.47852808237075806,0.4552021026611328,0.7252124547958374,0.7252124547958374,0.7252124547958374,0.7252124547958374,0.7252124547958374
8,12,48,0.5784852504730225,0.7252124547958374,95605.0,385.744,0.5784852504730225,0.5654404163360596,0.58548903465271,0.5788577795028687,0.581939160823822,0.7252124547958374,0.7252124547958374,0.7252124547958374,0.7252124547958374,0.7252124547958374
8,12,48,0.24113959074020386,0.898866868019104,137125.0,551.824,0.24113959074020386,0.2894481122493744,0.28823456168174744,0.24577642977237701,0.21661603450775146,0.898866868019104,0.8866855502128601,0.8753541111946106,0.8838527202606201,0.9135977625846863
8,12,48,0.25814548432826995,0.8957507014274597,178645.0,717.904,0.25814548432826995,0.2865084111690521,0.278962641954422,0.23047907650470734,0.23543044924736023,0.8957507014274597,0.8781869411468506,0.8781869411468506,0.8966005444526672,0.9065155982971191
8,12,48,0.28249927163124083,0.8807365536689759,220165.0,883.984,0.28249927163124083,0.46665242314338684,0.285797655582428,0.22738876938819885,0.21967023611068726,0.8807365536689759,0.7747875452041626,0.8696883916854858,0.9065155982971191,0.9249292016029358
8,12,48,0.15625745356082915,0.9475920796394348,261685.0,1050.064,0.15625745356082915,0.20397813618183136,0.16468004882335663,0.16151776909828186,0.15179617702960968,0.9475920796394348,0.9235127568244934,0.9419263601303101,0.9475920796394348,0.9518413543701172
8,12,48,0.15252674669027327,0.9504249453544616,344725.0,1382.224,0.15252674669027327,0.215155690908432,0.14856857061386108,0.1469302773475647,0.14392481744289398,0.9504249453544616,0.9249292016029358,0.9475920796394348,0.9490085244178772,0.9603399634361267
8,12,48,0.24023490846157075,0.9048158645629882,427765.0,1714.384,0.24023490846157075,0.37695661187171936,0.23934254050254822,0.19277305901050568,0.20010587573051453,0.9048158645629882,0.8257790207862854,0.9008498787879944,0.9334277510643005,0.9305949211120605
8,12,48,0.5844231963157653,0.7252124547958374,112109.0,451.76,0.5844231963157653,0.5879634618759155,0.5879830718040466,0.5820489525794983,0.581093430519104,0.7252124547958374,0.7252124547958374,0.7252124547958374,0.7252124547958374,0.7252124547958374
8,12,48,0.16345623433589934,0.9410765051841736,143237.0,576.272,0.16345623433589934,0.2685501277446747,0.15260162949562073,0.1368330866098404,0.12044093012809753,0.9410765051841736,0.8838527202606201,0.9532577991485596,0.954674243927002,0.954674243927002
8,12,48,0.1916948139667511,0.9254957556724548,205493.0,825.296,0.1916948139667511,0.2259870171546936,0.17999456822872162,0.22045350074768066,0.1982792317867279,0.9254957556724548,0.8980169892311096,0.9419263601303101,0.9135977625846863,0.9206798672676086
8,12,48,0.16389447152614595,0.9354107737541199,267749.0,1074.32,0.16389447152614595,0.20332354307174683,0.2066294252872467,0.14714021980762482,0.12093460559844971,0.9354107737541199,0.9107648730278015,0.9107648730278015,0.9405099153518677,0.9603399634361267
8,12,48,0.21096100509166718,0.9260623216629028,330005.0,1323.344,0.21096100509166718,0.19840623438358307,0.21441012620925903,0.19024275243282318,0.27906695008277893,0.9260623216629028,0.9206798672676086,0.9235127568244934,0.9504249095916748,0.8824362754821777
8,12,48,0.44322503805160524,0.789518404006958,392261.0,1572.368,0.44322503805160524,0.5416067838668823,0.5765535831451416,0.3420635461807251,0.3603854179382324,0.789518404006958,0.7124645709991455,0.7280453443527222,0.8427761793136597,0.8484418988227844
8,12,48,0.28286646902561186,0.8835694074630738,516773.0,2070.416,0.28286646902561186,0.48013439774513245,0.3156474232673645,0.2055298537015915,0.19078317284584045,0.8835694074630738,0.7889518141746521,0.856940507888794,0.9164305925369263,0.9419263601303101
8,12,48,0.19298783391714097,0.9297450542449951,641285.0,2568.464,0.19298783391714097,0.3495557904243469,0.21173110604286194,0.1473013460636139,0.1332203447818756,0.9297450542449951,0.8356940746307373,0.9121813178062439,0.954674243927002,0.9702549576759338
8,12,48,0.58185795545578,0.7252124547958374,190869.0,766.8,0.58185795545578,0.557268500328064,0.588011622428894,0.5880200862884521,0.5879934430122375,0.7252124547958374,0.7252124547958374,0.7252124547958374,0.7252124547958374,0.7252124547958374
8,12,48,0.4609261989593506,0.7252124547958374,273861.0,1098.768,0.4609261989593506,0.5657831430435181,0.4370260238647461,0.4598644971847534,0.4251435399055481,0.7252124547958374,0.7252124547958374,0.7252124547958374,0.7252124547958374,0.7252124547958374
8,12,48,0.32815700173377993,0.8776203870773316,356853.0,1430.736,0.32815700173377993,0.4014194905757904,0.34249889850616455,0.3069440424442291,0.2917024791240692,0.8776203870773316,0.8583569526672363,0.8725212216377258,0.8810198307037354,0.8966005444526672
8,12,48,0.09582195729017258,0.968555235862732,439845.0,1762.704,0.09582195729017258,0.10929214954376221,0.07865671068429947,0.09400320798158646,0.09885118901729584,0.968555235862732,0.9631727933883667,0.9688385128974915,0.9617563486099243,0.9716714024543762
8,12,48,0.13775702118873595,0.9572237968444824,522837.0,2094.672,0.13775702118873595,0.14595265686511993,0.13996264338493347,0.16158966720104218,0.16038140654563904,0.9572237968444824,0.9532577991485596,0.9645892381668091,0.9504249095916748,0.9433428049087524
8,12,48,0.12494387626647949,0.9594900846481323,688821.0,2758.608,0.12494387626647949,0.15278783440589905,0.10799470543861389,0.10237716138362885,0.12770412862300873,0.9594900846481323,0.9390934705734253,0.9645892381668091,0.9660056829452515,0.9660056829452515
8,12,48,0.17473609894514083,0.9402266263961792,854805.0,3422.544,0.17473609894514083,0.2500792443752289,0.23229089379310608,0.11932123452425003,0.1227935254573822,0.9402266263961792,0.9050991535186768,0.9107648730278015,0.9589235186576843,0.9645892381668091
8,12,48,0.3184596061706543,0.8620396494865418,342229.0,1372.24,0.3184596061706543,0.38481199741363525,0.3387250304222107,0.3316197395324707,0.2803158462047577,0.8620396494865418,0.7620396614074707,0.8611897826194763,0.8753541111946106,0.9093484282493591
8,12,48,0.1752262830734253,0.9405099153518677,445957.0,1787.152,0.1752262830734253,0.23526979982852936,0.17567355930805206,0.20134064555168152,0.12400054931640625,0.9405099153518677,0.9036827087402344,0.9419263601303101,0.9390934705734253,0.9532577991485596
8,12,48,0.16965118944644927,0.9388102054595947,549685.0,2202.064,0.16965118944644927,0.21306729316711426,0.18744425475597382,0.1916268765926361,0.15077516436576843,0.9388102054595947,0.9249292016029358,0.9263455867767334,0.9249292016029358,0.9461756348609924
8,12,48,0.1354668453335762,0.9648725271224976,653413.0,2616.976,0.1354668453335762,0.1571148782968521,0.13437756896018982,0.11297228187322617,0.1412251740694046,0.9648725271224976,0.954674243927002,0.9660056829452515,0.9660056829452515,0.9617563486099243
8,12,48,0.1295758977532387,0.965722382068634,860869.0,3446.8,0.1295758977532387,0.14507116377353668,0.1288074404001236,0.13922634720802307,0.12468191981315613,0.965722382068634,0.9575070738792419,0.9603399634361267,0.9702549576759338,0.9674220681190491
8,12,48,0.12552748173475264,0.9654390811920166,1068325.0,4276.624,0.12552748173475264,0.1892165243625641,0.1316681206226349,0.12661680579185486,0.09712957590818405,0.9654390811920166,0.9334277510643005,0.9631727933883667,0.9745042324066162,0.9759206771850586
